Mutation,Source,Position
R121H,colorectal adenal carcinoma,121
R121C,colorectal adenal carcinoma,121
G128R,colorectal adenal carcinoma,128
R130H,colorectal adenal carcinoma,130
A139V,colorectal adenal carcinoma,139
A150T,colorectal adenal carcinoma,150
R152H,colorectal adenal carcinoma,152
R154H,colorectal adenal carcinoma,154
R154C,colorectal adenal carcinoma,154
D166Y,colorectal adenal carcinoma,166
D166N,colorectal adenal carcinoma,166
R167C,colorectal adenal carcinoma,167
R167H,colorectal adenal carcinoma,167
G174D,colorectal adenal carcinoma,174
R184C,colorectal adenal carcinoma,184
R186W,colorectal adenal carcinoma,186
P188L,colorectal adenal carcinoma,188
V195M,colorectal adenal carcinoma,195
F196L,colorectal adenal carcinoma,196
A197T,colorectal adenal carcinoma,197
E199K,colorectal adenal carcinoma,199
L205V,colorectal adenal carcinoma,205
R212C,colorectal adenal carcinoma,212
R212H,colorectal adenal carcinoma,212
